title,date,text,tags,topics,speakers
"Déclaration de M. Clément Beaune, secrétaire d'État aux affaires européennes, sur les tensions avec la Turquie, la situation migratoire aux frontières de l'Union européenne, la pandémie de covid-19 et le plan de relance européen, à Nicosie le 18 septembre 2020.",2020-09-18T12:00:00Z,"<p>Monsieur le Ministre, cher Nikos,<br><br><br>
Je suis très heureux de vous retrouver aujourd'hui à Nicosie, pour l'une de mes premières visites européennes depuis que j'ai pris mes fonctions il y a à peine quelques semaines. Nous avons eu l'occasion déjà de travailler ensemble dans le passé, et donc c'est un plaisir, au-delà des sujets graves qui nous occupent, que de vous retrouver aujourd'hui et de marquer une nouvelle fois les liens extrêmement forts qui unissent Chypre et la France.<br><br>
Et vous l'avez rappelé, ces liens ne sont évidemment pas nouveaux, ils ont lieu aussi au plus haut niveau. Et le président de la République avait reçu à Paris le président Anastasiades à la fin du mois de juillet ; et encore récemment lors d'un sommet des pays du sud de l'Union européenne, ils ont pu s'entretenir à Ajaccio il y a quelques jours. Je crois que cela marque notre lien extrêmement dense, extrêmement étroit.<br><br>
Avec Nikos Christodoulides, nous avons eu à l'instant donc des échanges riches, convergents, qui ont avant tout porté sur les actions inacceptables de la Turquie, et la situation préoccupante en Méditerranée orientale, sur d'autres sujets européens d'importance que vous avez rappelés, comme les questions migratoires, la pandémie du Covid-19 qui se poursuit et l'avenir de l'Europe à travers le plan de relance ou la conférence sur l'avenir de notre Union européenne.<br><br>
Nous avons sur tous ces sujets, je crois, constaté - vous l'avez rappelé, Monsieur le Ministre, cher Nikos - de profondes convergences et je veux également les souligner. Car c'est sur l'ensemble des dossiers que Chypre et la France avancent main dans la main avec une proximité de vues qui ne se dément jamais.<br><br>
Sur la question de la Turquie et de la Méditerranée orientale, je veux rappeler la ligne qui est la nôtre et que nous partageons, qui a été rappelée au sommet des pays du Sud de l'Union européenne il y a donc quelques jours : nous souhaitons la paix et la stabilité en Méditerranée orientale. Il y a quelques jours, la Turquie a retiré un navire d'exploration sismique qui remettait en cause la souveraineté grecque sur ces espaces maritimes. Ce fut un premier geste mais comme nous en avons discuté avec Nikos Christodoulides, ce n'est évidemment pas suffisant et les provocations notamment à l'égard de Chypre ne sont toujours pas acceptables. D'autres forages turcs contestés ont cours dans les eaux de Chypre et j'irai d'ailleurs m'en rendre compte avec votre ministre de la défense au plus près cet après-midi. L'Europe doit affirmer plus clairement sa position sur ces enjeux de souveraineté et de solidarité européenne.<br><br>
Je l'ai dit, le sommet du MED7 à Ajaccio a permis de faire progresser cette unité européenne sur une approche alliant fermeté et dialogue. Nous préparons désormais activement le Conseil européen des 24 et 25 septembre et d'ailleurs je me réjouis qu'au nom du Conseil européen, Charles Michel ait été présent il y a quelques jours, avant-hier, à Chypre. Et je crois que cela est un signal fort, également, de solidarité européenne. Mais je tiens ici à être à nouveau extrêmement clair, vous connaissez la position de la France : la solidarité de la France avec Chypre est totale. C'est une question de principe qui doit rassembler les Européens. L'Union européenne doit d'abord protéger ses Etats membres, c'est le sens que nous donnons à l'Europe, à ce projet politique. Il convient évidemment de respecter le droit international qui pose des principes largement reconnus concernant des espaces maritimes. L'ordre international, ce n'est pas la loi du plus fort, et on ne peut pas accepter une politique de fait accompli.<br><br>
Cette solidarité vis-à-vis de Chypre, comme vis-à-vis de la Grèce d'ailleurs, doit être concrète. La France l'a signifié en renforçant cet été sa présence militaire à vos côtés en Méditerranée orientale pour soutenir ses partenaires européens, en se gardant bien sûr de procéder à toute escalade que nous ne souhaitons pas, mais en marquant à la fois, je le disais, notre solidarité, notre unité et notre fermeté.<br><br>
Nous continuons à souhaiter un dialogue entre les différentes parties. Le président de la République l'a à nouveau clairement souligné la semaine dernière en présence du président Anastasiades. Ce dialogue, Monsieur le Ministre, je sais vous le soutenez, la République de Chypre a toujours été prête à l'engager pour aboutir à un accord sur une délimitation conforme au droit international des zones économiques exclusives.<br><br>
Chypre a également fait état de sa disposition à en référer à la Cour internationale de justice et s'est montrée ouverte à la prise en compte spécifique des droits de l'ensemble des Chypriotes.<br><br>
Mais nous considérons que l'Union doit se tenir prête à activer, vous l'avez rappelé, cela à la suite des débats de cet été, des décisions de cet été, tous les instruments à sa disposition, dont celui des sanctions, si la situation ne venait pas à évoluer très vite positivement.<br><br>
Nous avons évoqué aussi d'autres questions européennes qui, d'ailleurs, tiennent une place particulière dans ce contexte. Avec le ministre Christodoulides, nous avons évoqué la pression migratoire croissante à laquelle, je sais que Chypre fait face, qui compte d'ailleurs sur son territoire la plus forte proportion de demandeurs d'asile par rapport à sa population dans toute l'Union. Là aussi, la solidarité européenne doit s'exprimer bien plus sans faille.<br><br>
Les flux sont multiples, vous le savez. Je salue les efforts entrepris par les autorités chypriotes pour répondre à cette situation, qui n'a pas été facilitée par la crise sanitaire. Et nous avons, je le redis, besoin de cette solidarité européenne permanente.<br><br>
C'est pourquoi, la semaine prochaine, les propositions que fera la Commission européenne sur de nouvelles actions législatives en matière d'asile et d'émigration sont si importantes. Nous en avons discuté, je crois que Chypre et la France sont, sur ce point aussi - plus de solidarité européenne et une responsabilité européenne partagée - sur la même ligne. Et nous souhaitons pouvoir trouver un accord dans les prochaines semaines ou dans les prochains mois tout au plus.<br><br>
Je ne reviens pas sur l'ensemble des autres dossiers européens, Monsieur le Ministre, que vous avez évoqués, car, je l'ai dit, nos convergences sont immenses, très fortes, et, sur l'ensemble des dossiers, je crois pouvoir le dire ou le redire.<br><br>
C'est vrai sur la gestion de la crise sanitaire, nous nous retrouverons à Bruxelles mardi, pour évoquer une meilleure coordination et une harmonisation de nos critères en matière sanitaire. Je crois que c'est très important pour les déplacements, pour le tourisme, pour la libre-circulation au sein de notre Union européenne et la cohérence de notre réponse à cette pandémie, qui doit donner l'image d'une Europe unie et non d'une Europe désunie face à cette crise inédite.<br><br>
Nous avons évoqué aussi d'autres sujets, Monsieur le Ministre. La question du Brexit, je l'évoquais ; la conférence sur l'avenir de l'Europe. Et je crois que nous devons approfondir encore nos coopérations sur ce sujet. Je serai ravi d'en discuter à nouveau dans quelques jours à Bruxelles. Je serai ravi de vous inviter à Paris dans les prochaines semaines dès que nous le pourrons pour approfondir l'ensemble de ces coopérations essentielles, sur la Méditerranée orientale, sur la situation migratoire, sur le Brexit, sur le plan de relance que vous avez évoqué où nos deux présidents et nos deux pays ont joué un rôle considérable pour amener à une solidarité européenne concrète sur l'Etat de droit et les valeurs où je sais également votre engagement.<br><br>
Voilà en somme, cher Nikos, les grandes lignes des sujets qui ont animé nos échanges, ont enrichi nos discussions que je vais avoir l'honneur de poursuivre avec le président Anastasiades dans quelques instants, avant de rejoindre, je le disais et je m'en réjouis, votre ministre de la défense à Larnaca.<br><br>
Notre solidarité avec Chypre, je le redis, est complète, permanente, sans faille. Je tenais par ma présence à le souligner à nouveau aujourd'hui et je vous remercie encore, cher Nikos, Monsieur le Ministre, de votre accueil amical et extrêmement important dans cette période. Merci.<br><br><br>
Source https://www.diplomatie.gouv.fr, le 24 septembre 2020</p>","International,Union européenne,Construction européenne","France - Chypre,UE - Turquie,Migration,Relance economique,UE - Grande Bretagne",
"Déclaration de Mme Roselyne Bachelot, ministre de la culture, sur l'édition spéciale du festival de la fiction à destination des professionnels de l'audiovisuel, Paris le 17 septembre.",2020-09-17T12:00:00Z,"<p>Mesdames et messieurs les parlementaires,</p>","Société,Culture - Médias,Télévision","Audiovisuel,Festival,Television,Film,Programme de television",Roselyne Bachelot
"Interview de M. Olivier Dussopt, ministre des comptes publics, à France info le 21 septembre 2020, sur la politique économique du gouvernement.",2020-09-21T12:00:00Z,"<p>JEAN-PAUL CHAPEL<br>
Avec Olivier DUSSOPT qui est le ministre délégué aux Comptes publics. Avec lui on va parler du budget, du déficit de la dette mais aussi de Bridgestone puisque ce matin 2 ministres sont attendus sur le site de Béthune. Quel est l'avenir de ce site, peut-on encore sauver cette usine Bridgestone ?<br><br>
OLIVIER DUSSOPT<br>
Le gouvernement fait tout pour, nous sommes face à une décision qui ne nous paraît pas juste et mes 2 collègues Elisabeth BORNE, Agnès PANNIER-RUNACHER sont sur place ce matin pour travailler avec les salariés. Nous sommes dans une période de crise avec un gouvernement qui a mobilisé les crédits comme jamais pour accompagner l'économie. Nous sommes en droit d'attendre de certains industriels qu'ils se comportent mieux vis-à-vis des salariés et la production en France.<br><br>
JEAN-PAUL CHAPEL<br>
C'est donc peut-être un répit.<br><br>
OLIVIER DUSSOPT<br>
Peut-être un répit, en tout cas un gouvernement mobilisé pour accompagner les salariés la production sur le site.<br><br>
JEAN-PAUL CHAPEL<br>
Le déficit s'est creusé avec la crise, il sera encore de 6,7% l'an prochain, ça alourdit la dette, cette dette finalement est-ce qu'on va la rembourser un jour ou l'autre ?<br><br>
OLIVIER DUSSOPT<br>
Une dette par définition ça se rembourse, ça se rembourse parce que c'est la règle et ça se rembourse pour être crédible vis-à-vis de ceux qui nous prêtent. Vous l'avez dit nous avons un déficit important cette année, nous l'avons revu puisque, avec Bruno LE MAIRE nous considérons que les outils de soutien à l'économie que nous avons mis en place sont efficaces que l'économie a mieux résisté que prévu et donc nous anticipions une récession dont 11%, elle sera certainement autour de 10%, nous envisagions un déficit de 11,5% qui sera plutôt autour de 10%.<br><br>
JEAN-PAUL CHAPEL<br>
C'est moins pire que prévu.<br><br>
OLIVIER DUSSOPT<br>
C'est moins mauvais que prévu et avec un rebond de croissance l'année prochaine qui va nous permettre de progressivement revenir dans une trajectoire de finances publiques qui soit une trajectoire acceptable, qui soit une trajectoire efficace. Nous avons fait un choix, le Premier ministre l'a dit qui est de dégrader temporairement nos comptes publics pour répondre à la crise sociale, la crise économique et à la crise sanitaire. Il faut que ce soit une action qui soit ciblée, c'est la raison pour laquelle nous avons mobilisé beaucoup d'argent cette année pour répondre à la crise. Je pense par exemple au 31 milliards d'euros que nous avons mis sur la table, engagé pour financer le chômage partiel qui permet à la France d'être le pays dans lequel le revenu des salariés était le mieux protéger, c'est une étude de l'OCDE qui le dit. Nous mettons si beaucoup d'argent sur la table l'année prochaine et l'année d'après avec un plan de relance à 100 milliards qui a 2 objectifs, booster l'économie et dans le même temps avoir proposé des dépenses qui soientdes dépenses à la fois ciblées, ponctuelles pour justement à terme de ne pas alourdir la charge et ne pas le dire la dette publique.<br><br>
JEAN- PAUL CHAPEL<br>
Alors justement les dépenses, ces dépenses publiques qui atteignent cette année 62,8 %, c'est quasiment les 2 tiers de la richesse nationale. Ça, ça va normalement refluer mais vous dites que les emplois publics vont être stables. Vous allez quand même recruter des gendarmes, des policiers, des enseignants.<br><br>
OLIVIER DUSSOPT<br>
Des gendarmes, des policiers, des enseignants.<br><br>
JEAN-PAUL CHAPEL<br>
Combien ?<br><br>
OLIVIER DUSSOPT<br>
Des magistrats, nous tenons les engagements qui ont été pris en matière d'accueil des élèves en situation d'handicap, ce sont 3 à 4000 postes qui vont être créés dans l'Education nationale, en matière de sécurité nous sommes sur des rythmes de création entre 1500 et 2000 par an pour rattraper les suppressions de 2007 à 2012. Nous avons vu avec le garde des Sceaux comment créer plus de 1500 postes l'année prochaine et ainsi de tenir les engagements pris dans la loi de programmation pluriannuelle pour la justice.<br><br>
JEAN-PAUL CHAPEL<br>
Donc au total combien d'emplois publics en plus l'an prochain ?<br><br>
OLIVIER DUSSOPT<br>
La question n'est pas des emplois publics en plus, c'est justement là qu'il faut faire attention. Nous créons des emplois dans les secteurs prioritaires…<br><br>
JEAN-PAUL CHAPEL<br>
3 à 4000.<br><br>
OLIVIER DUSSOPT<br>
Un peu plus.<br><br>
JEAN-PAUL CHAPEL<br>
5000.<br><br>
OLIVIER DUSSOPT<br>
Et nous demandons aux autres ministères de faire des efforts pour que ce soit équilibré.<br><br>
JEAN-PAUL CHAPEL<br>
Lesquels ?<br><br>
OLIVIER DUSSOPT<br>
Et donc l'année prochaine, je vous l'avais dit, le nombre d'emplois de l'Etat restera stable là où nous créons, nous supprimons en réalité nous ne remplaçons pas des départs en retraite dans d'autres secteurs. Par exemple le ministère des comptes publics, le ministère de l'Economie des Finances et de la Relance qui contribuent année après année, ce n'est pas la première fois à cet effort sur les emplois.<br><br>
JEAN-PAUL CHAPEL<br>
Qui devront donc faire des efforts.<br><br>
OLIVIER DUSSOPT<br>
Ils font des efforts, ils en font beaucoup au rythme des réorganisations et des réformes que nous mettrons en place.<br><br>
JEAN-PAUL CHAPEL<br>
Les impôts, vous dites on va continuer à les baisser, par exemple la taxe d'habitation elle va continuer à baisser l'an prochain.<br><br>
OLIVIER DUSSOPT<br>
Il faut d'abord savoir que pour 80% des ménages français, il n'y a plus de taxe d'habitation au mois d'octobre. Nous avons tenu cet engagement du président de la République de la supprimer. C'est la 3e tranche cette année donc la dernière et ils ne paieront plus de taxes d'habitation. L'année prochaine nous allons commencer à baisser d'un tiers la taxe d'habitation des 20% français qui la paient encore. globalement entre 2018, 1er janvier 2018 et le 31 décembre 2021 les impôts en France auront baissé de 45 milliards d'euros, la moitié au profit des ménages avec la taxe d'habitation, avec la baisse de l'impôt sur le revenu que nous avons engagé une mise en place au début de l'année dernière et pour les entreprises l'autre moitié, avec la baisse de l'impôt sur les sociétés ou encore la baisse des impôts de production à partir du 1er janvier, moitié-moitié 45 milliards, 22 milliards et demi, 22 milliards et demi pour les ménages pour les entreprises, plus grosses baisses d'impôts et ce que nous voulons, ce que nous faisons c'est que face à cette crise que nous connaissons nous voulons maintenir cette trajectoire puisque nous considérons que ce n'est pas en augmentant les impôts qu'on répond à la crise, qu'il faut retrouver notre niveau de richesse, qu'il faut retrouver notre niveau de production et que c'est comme ça que nous redresserons de pays.<br><br>
JEAN-PAUL CHAPEL<br>
Je reviens sur la taxe d'habitation, maintenir une baisse d'impôts pour les plus aisés, est-ce que ce n'est pas finalement un peu injuste en cette période difficile ?<br><br>
OLIVIER DUSSOPT<br>
Vous savez, on en parle de 20% de Français qui payent encore la taxe d'habitation. Est-ce que vous connaissez le niveau de revenus à partir duquel un célibataire est dans les 20% de Français les plus riches ?<br><br>
JEAN-PAUL CHAPEL<br>
Vous allez me le dire.<br><br>
OLIVIER DUSSOPT<br>
C'est 2500 euros par mois, avec 2500 euros par mois dans certains territoires comme le mien en Ardèche, on vit confortablement, correctement sans être riche. À Paris avec 2500 euros par mois, vous êtes loin d'être riche et donc quand on parle des 20% Français les plus aisés, on parle de ces familles-là, de ces ménages-là, un célibataire avec 2500 euros par mois. Je ne suis pas sûr que ce niveau de la richesse.<br><br>
JEAN-PAUL CHAPEL<br>
Alors on en profite pour saluer tous les Ardéchois, les Ardéchoises qui nous écoutent. Et vous avez choisi une chanson non pas ardéchoise, mais une chanson de Julien DORE, Porto-Vecchio avec laquelle on se quitte.<br><br>
OLIVIER DUSSOPT<br>
Un auteur que j'aime bien et un avant-goût de vacances quelques mois avant les vraies vacances et quelques semaines après les dernières.<br><br>
JEAN-PAUL CHAPEL<br>
Merci d'avoir été avec nous, très bonne journée.<br><br><br>
Source : service d'information du Gouvernement, le 22 septembre 2020<br>
 </p>","Economie,Vie économique,Politique économique","Deficit budgetaire,Crise economique,Impot","Olivier Dussopt,Jean-paul Chapel"
"Interview de M. Jean-Michel Blanquer, ministre de l'éducation nationale et de la jeunesse, à RTL le 21 septembre 2020, sur le nouveau protocole en vigueur dans les écoles en évitant de fermer des classes.",2020-09-21T12:00:00Z,"<p>ALBA VENTURA<br>
Bonjour Jean-Michel BLANQUER.</p>","Société,Education - Recherche,Scolarité","Scolarite,Ecole,Sante publique,Fermeture,Protocole",Jean-Michel Blanquer
"Interview de M. Cédric O, secrétaire d'État à la transition numérique et aux communications électroniques, à Public Sénat le 21 septembre 2020, sur l'épidémie de Covid-19, StopCovid, la 5G et la formation au numérique.",2020-09-21T12:00:00Z,"<p>ORIANE MANCINI<br>
Et notre invité politique ce matin, c'est Cédric O. Bonjour<br><br>
CEDRIC O<br>
Bonjour.<br><br>
ORIANE MANCINI<br>
Merci beaucoup d'être avec nous, secrétaire d'Etat chargé de la Transition numérique et des communications électroniques. On est ensemble pendant 20 minutes pour une interview en partenariat avec la presse quotidienne régionale.<br><br>
PASCAL JALABERT<br>
Bonjour.<br><br>
ORIANE MANCINI<br>
Bonjour Pascal JALABERT.<br><br>
ORIANE MANCINI<br>
Du groupe EBRA, les journaux régionaux de l'Est de la France. On commence avec l'actualité du jour et cette réunion à Béthune pour tenter de sauver l'usine BRIDGESTONE et ses 863 salariés, réunion entre deux ministres, les élus, les syndicats. Est-ce que l'Etat peut sauver le site et les emplois ?<br><br>
CEDRIC O<br>
Il faut l'espérer, je comprends que, en tout cas, à force de négociations, notamment d'Agnès PANNIER-RUNACHER, nous avons gagné un délai de négociations, il faut espérer que ce délai permette de rebattre les cartes. Maintenant, on va voir ce que demande l'entreprise, et je pense qu'il faut espérer tout faire pour sauver ces emplois.<br><br>
ORIANE MANCINI<br>
Et l'Etat peut faire quelque chose ou l'Etat est impuissant face à la décision de BRIDGESTONE ?<br><br>
CEDRIC O<br>
L'Etat ne peut pas tout, mais l'Etat a beaucoup de leviers dans les mains, des leviers financiers, des leviers d'investissement avec le plan de relance, des leviers sur la relocalisation, puisqu'on a débloqué un milliard d'euros pour aider les entreprises à se relocaliser. Je pense qu'on peut faire des choses, maintenant, ça dépend aussi de la volonté de l'entreprise, parce qu'on ne pourra rien s'il y a une volonté déterminée de l'entreprise de fermer, c'est cette négociation qu'on doit avoir à la fois en agitant la carotte et le bâton.<br><br>
ORIANE MANCINI<br>
On va parler de la crise sanitaire et cet allègement du protocole dans les écoles.<br><br>
PASCAL JALABERT<br>
Oui, alors, ce protocole dans les écoles pose des soucis, est-ce que ce n'est pas contradictoire finalement avec la volonté de ralentir le virus ?<br><br>
CEDRIC O<br>
Je pense qu'il y a toujours une ligne de crête à trouver entre continuer à vivre, à vivre avec le virus et ralentir la progression. Et en général, quand on prend un certain nombre de décisions, ce sont sur des bases scientifiques, là, je crois qu'il y a un rapport scientifique qui dit que, au niveau des écoles, la propagation du virus est limitée, et je pense que c'est absolument indispensable de pouvoir continuer à mettre les enfants à l'école, moi, j'ai 2 enfants qui sont en bas âge et à l'école, et c'est sûr que je comprends la détresse des parents, notamment dans un moment où c'est moins bien accepté par les employeurs de rester à la maison pour garder son enfant, de ne pas pouvoir mettre les enfants à l'école. Donc à partir du moment où les scientifiques disent : il y a des risques limités, je pense qu'il est justifié d'alléger le protocole, et par ailleurs, c'est vrai que pour des enfants qui peuvent avoir 6, 7, 8 ans ou même plus jeunes, le fait de voir systématiquement des gens avec un masque, ça peut aussi avoir des conséquences psychologiques, donc je pense qu'il faut mettre en balance les conséquences de long terme, la vie quotidienne, et puis, la nécessité impérative de…<br><br>
PASCAL JALABERT<br>
On vous accuse toujours de vouloir faire à tout prix redémarrer l'économie, ça ne redémarre pas, qu'est-ce qui se passe ?<br><br>
CEDRIC O<br>
Eh bien, je pense que c'est un problème mondial, on voit ce qui se passe en Grande-Bretagne, et tous les gouvernements sont tenaillés entre les problèmes liés aux décisions prises à cause du coronavirus, la fermeture anticipée des bars, des restaurants, les éventuelles décisions, on voit que la Grande-Bretagne évoque un reconfinement, et puis, la nécessité de protéger ses citoyens, donc on est dans ce juste équilibre, on doit parfois l'adapter, je crois qu'aujourd'hui, il y a des annonces sur Lyon et Marseille, non, Lyon…<br><br>
PASCAL JALABERT<br>
Non, non, Lyon…<br><br>
ORIANE MANCINI<br>
Lyon…<br><br>
CEDRIC O<br>
Lyon, notamment ...<br><br>
PASCAL JALABERT<br>
Lyon, après Nice, après Marseille…<br><br>
CEDRIC O<br>
Voilà, par exemple, Lyon, après Nice et Marseille, effectivement, qui sont des zones où le virus se propage, on a écarté le fait de reconfiner totalement, donc maintenant, il faut adapter à la situation locale, mais c'est toujours compliqué.<br><br>
ORIANE MANCINI<br>
Alors, parmi les outils mis en place par le gouvernement pour lutter contre ce Covid-19, il y avait cette application, il y a cette application StopCovid. Sauf que, on va le voir sur cette infographie, StopCovid, il n'est pas beaucoup téléchargé en France, très peu de Français l'ont, comparé à d'autres pays européens, est-ce que, clairement, vous dites : StopCovid, c'est un échec ?<br><br>
CEDRIC O<br>
Alors, je pense que vos chiffres sont faux, pardon…<br><br>
ORIANE MANCINI<br>
Ah, pourquoi ?<br><br>
CEDRIC O<br>
C'est vrai qu'il y a deux pays en Europe où ça se passe bien, mais l'Italie, ils ne sont pas à 17 % ou à 13 %…<br><br>
ORIANE MANCINI<br>
En tout cas, les Italiens s'en servent beaucoup plus que les Français…<br><br>
CEDRIC O<br>
Ils ont entre 4 et 5 millions. En fait, pas tant que ça, entre 4 et 5 millions. Mais même entre 4 et 5 millions, c'est insuffisant pour être très efficace, donc il faut le reconnaître, StopCovid marche bien fonctionnellement, il a insuffisamment été téléchargé pour être utile.<br><br>
ORIANE MANCINI<br>
Mais pourquoi ?<br><br>
CEDRIC O<br>
Je pense qu'il y a vraiment beaucoup de causes qui peuvent être à la fois des causes culturelles, des causes liées aux débats qui ont eu lieu sur l'application. Je pense que c'est le moment où on a besoin que les Français le téléchargent, notamment parce qu'il faut couvrir certains cas de transmission dans les bars, dans les grandes réunions, qu'on ne sait pas couvrir sinon. Et donc c'est un outil en plus, ce n'est pas la panacée, ce n'est pas un outil magique, mais c'est un outil en plus qui peut aider à ralentir l'épidémie. Et donc je souhaite que les Français le téléchargent.<br><br>
ORIANE MANCINI<br>
Mais comment vous pouvez les convaincre ces Français de le télécharger, qu'est-ce que vous leur dites ce matin pour qu'ils aient envie de télécharger StopCovid ?<br><br>
CEDRIC O<br>
Il y a une discussion en cours au sein du gouvernement, et notamment avec Olivier VERAN qui s'est engagé très clairement sur le sujet depuis le début. Je pense qu'il y a une question de pédagogie, ce dont on se rend compte quand on regarde un peu les études qui sont faites, c'est que, in fine, les Français n'ont pas totalement perçu la valeur ajoutée de cette application, et donc, je pense que c'est à nous de la réexpliquer, peut-être de la focaliser sur un certain nombre de cas d'usage, j'ai cité le cas des restaurants, le cas des réunions, le cas de quand vous vous réunissez en famille ou quand vous vous réunissez dehors ; ces moments où en fait, alors, en famille, ce n'est pas le cas, mais pour le reste, on ne connaît pas vraiment les gens qui sont autour de nous, et où ça peut être utile d'être alerté si on a été en contact avec des gens qui ensuite sont testés positifs.<br><br>
ORIANE MANCINI<br>
Donc ça veut dire quoi, que vous allez retravailler la communication, que vous allez relancer une campagne de communication sur StopCovid ?<br><br>
CEDRIC O<br>
Comme vous le savez, il y a une discussion qui doit avoir lieu mercredi matin en Conseil de défense, donc on verra à ce moment-là.<br><br>
ORIANE MANCINI<br>
Mais en tout cas, vous allez travailler là-dessus ?<br><br>
CEDRIC O<br>
Oui, c'est sur la table.<br><br>
ORIANE MANCINI<br>
Mais est-ce que, du coup, vous n'avez pas répondu à ma première question, est-ce que, non, non, aujourd'hui en tout cas, avant le Conseil de défense, vous reconnaissez que c'est un échec, que ça ne marche pas ?<br><br>
CEDRIC O<br>
Si la question, c'est : est-ce qu'on devait ne pas le faire ? Non, je ne suis pas d'accord. C'est-à-dire qu'on devait le faire…<br><br>
ORIANE MANCINI<br>
Non, la question, c'est : est-ce que le constat, c'est que c'est un échec pour le moment ?<br><br>
CEDRIC O<br>
Le constat est que c'est insuffisamment téléchargé, mais je regardais un de vos collègues qui disait : c'est comme si on avait mis la ceinture de sécurité, les gens ne la mettaient pas, est-ce qu'il ne fallait pas la faire ? Je ne pense pas. Est-ce qu''il faut faire plus de pédagogie ? J'en suis persuadé.<br><br>
ORIANE MANCINI<br>
Il y a un sénateur LR de l'Ain, je ne sais pas si vous avez vu, qui propose de rendre StopCovid obligatoire, est-ce que pour vous, c'est une solution ?<br><br>
CEDRIC O<br>
Non, mais je pense qu'on ne résout pas les problèmes en rendant les choses obligatoires, d'abord, je pense que nous n'aurions pas le droit légalement, nous nous sommes engagés auprès de la CNIL à ce que ça ne soit pas le cas, nous avons toujours dit que ce serait sur une base volontaire, et je pense que ça fait partie du contrat qu'on a avec les Français, et que, rien ne serait pire que de le rendre obligatoire. Donc il faut continuer à faire de la pédagogie, ça peut être utile, ça peut éviter des contaminations, mais ça ne sera jamais obligatoire.<br><br>
PASCAL JALABERT<br>
Avez-vous, pour terminer avec le Covid, on a vu pendant la crise du Covid, sur l'enseignement à distance notamment, que des jeunes Français n'avaient pas les enseignements, parce qu'ils n'avaient pas le numérique chez eux, parce que leur famille ne le maîtrisait pas, avez-vous pris des mesures pour éviter que ça se renouvelle ?<br><br>
CEDRIC O<br>
Alors, il y a plusieurs éléments liés aux difficultés d'éducation pendant le Covid, notamment liées à l'équipement, mais si on parle plus généralement de la fracture numérique qui a été extrêmement prégnante pendant le Covid, cet état de fait est directement lié à l'annonce que nous avons faite pendant le plan de relance, qui est de généraliser la fibre d'ici 2025, d'accélérer, et même de créer un service universel sur le sujet ; on s'est rendu compte que pendant le Covid, il y avait deux réalités, ceux qui avaient la connexion, que ce soit le mobile ou la fibre, et ceux qui ne l'avaient pas, et donc on doit encore accélérer, on est déjà les champions du monde du déploiement de la fibre en Europe et du déploiement des pylônes. Pour vous donner une idée, la moitié de la fibre qui est déployée en Europe est déployée en France. Donc la France, c'est la moitié des déploiements en Europe. Il n'y a aucun pays dans le monde qui déploie aussi vite que nous, mais on doit encore aller plus vite, parce qu'on se rend compte que c'est devenu quasiment aussi indispensable que l'eau et l'électricité.<br><br>
PASCAL JALABERT<br>
Alors, justement, on est les champions d'Europe de la fibre, par contre, on est à 0 pointé sur la 5G, puisqu'on est le seul pays, parmi nos voisins, qui n'a pas mis de pylônes, alors sans aller jusqu'aux Pays-Bas qui ont franchi le cap des 1.000 pylônes, qu'est-ce qui se passe en France avec cette 5G, pourquoi fait-elle peur ?<br><br>
CEDRIC O<br>
Je pense qu'il y a plusieurs éléments, d'abord, il faut vraiment rappeler, et je viens de le faire, que ce n'est pas 4G ou 5G, aujourd'hui, en France, on déploie, il y a 60 à 70 pylônes chaque semaine qui s'allument dans les zones blanches, donc on accélère extrêmement vite, et d'ailleurs, la 5G, elle viendra sur les pylônes 4G…<br><br>
PASCAL JALABERT<br>
Donc, il faut le dire, donc il n'y aura pas de nouveaux pylônes ?<br><br>
CEDRIC O<br>
Il y aura très peu de nouveaux pylônes, en tout cas, dans l'extrême majorité, on mettra les antennes 5G sur des pylônes 4G. Donc il n'y a pas de dichotomie ou de contradiction entre déployer de la 4G…<br><br>
ORIANE MANCINI<br>
Et ça, il faut le dire, parce que c'est vrai qu'il y a beaucoup de gens qui s'interrogent et qui se disent : mais pourquoi on travaille sur la 5G alors que nous, on n'a pas la 3G, on n'a pas la 4G, donc vous dites à ces gens qui sont encore dans des zones blanches : on travaillera quand même sur les zones blanches, et la priorité n'est pas donnée à la 5G au détriment des zones blanches ?<br><br>
CEDRIC O<br>
Non seulement, on travaille sur les zones blanches, mais je vais vous donner juste un chiffre, avant 2018, les gouvernements successifs ont allumé 600 pylônes en 15 ans dans les zones blanches, nous, dans les 2 années qui viennent, là, on en allume 2.000, donc on fait, en 2 ans, trois fois plus que ce qui a été fait en 15 ans. Au total, on en allumera entre 10 et 12.000 dans les zones blanches. Donc il va y avoir, je sais pour les gens, c'est toujours trop lent, trop compliqué, mais dans les 2 ans qui viennent, et même dans les années qui viennent, il va y avoir un changement drastique dans les zones blanches, moi, j'étais, toutes les semaines, je vais inaugurer des pylônes, et j'étais dans le Maine-et-Loire, dans l'Yonne, et la semaine dernière, dans la Loire, et je vais cette semaine à Lens, et la semaine d'après à Toulouse, donc on en allume partout dans les zones blanches, et on a un effort qu'on ne connaît dans aucun autre pays, par-dessus ça, on estime qu'il faut déployer la 5G, parce que la 5G, c'est des nouveaux services pour les consommateurs, mais aussi indispensable pour l'industrie, et que ce serait complètement antinomique, ça n'aurait aucun sens de dire qu'on veut réindustrialiser la France si on n'a pas la 5G, à l'heure où tout le monde déploie, vous citiez tout à l'heure les Pays-Bas, il faut juste avoir en tête que les Chinois, ils sont 100 millions à avoir un abonnement 5G, que les Coréens, ils sont 7 millions, et que les Américains, ils estiment que sans la 5G, ils ne réindustrialiseront pas. Donc on est dans cette tension-là, après, pardon, pour répondre à votre question, il y a des questions qui se posent et qui sont normales, notamment, d'une partie des citoyens, sur les questions sanitaires ou les questions environnementales. Sur les questions sanitaires, on a eu un rapport qui a été rendu la semaine dernière, qui fait le point sur les connaissances académiques, et qui fait le point sur les décisions de toutes les autorités de santé des pays, il y en a 21 qui ont déployé la 5G. Aujourd'hui, il n'a jamais été avéré, il y a eu 28.000 études depuis 1950 dans le monde, 28.000. Il n'a jamais été avéré qu'il y avait des effets sanitaires des ondes téléphoniques en dessous des seuils minimum d'exposition. Et je rappelle qu'en termes de protection par rapport aux seuils d'exposition, notamment grâce à des lois qui ont été votées par les écologistes, je pense à la loi Abeille, aujourd'hui, en France, on a un des cadres les plus durs du monde. En moyenne, quand vous êtes dans la rue, vous êtes exposé à une puissance d'ondes qui est 100 fois inférieure aux valeurs limites, et ont fait 4.000 contrôles par an partout en France. Donc, moi je suis tout-à-fait disposé à discuter notamment avec les maires, notamment avec les élus locaux, d'augmenter ce nombre de contrôles pour être certain qu'on ne dépasse jamais.<br><br>
ORIANE MANCINI<br>
Mais vous dites ce matin aux Français qui nous regardent : la 5G, ce n'est pas dangereux pour votre santé ?<br><br>
CEDRIC O<br>
Non, la 5G n'est pas dangereuse pour la santé, ça, c'est certain, et par ailleurs, pardon de poursuivre un petit peu, mais il y a cette question environnementale dont on sent qu'elle – mais à juste titre – est importante pour les gens, il faut avoir en tête qu'il y a deux choses, d'abord, les réseaux 4G vont saturer dans les grandes villes d'ici un ou deux ans un peu partout en France, et donc là, on va avoir un choix, soit laisser saturer, on parlait du confinement, je ne pense pas que ce soit la bonne solution, soit remettre des antennes 4G, soit mettre des antennes 5G qui consomment 10 à 20 fois moins que les antennes 4G. Donc l'écologie du quotidien pour les maires, y compris les maires de Tours, de Marseille, de Bordeaux ou de Grenoble, ça va être de faire ce choix-là, il va falloir qu'ils expliquent à leurs citoyens s'ils préfèrent laisser saturer ou mettre des antennes qui consomment beaucoup où mettre des antennes qui consomment moins, ça va être très…<br><br>
ORIANE MANCINI<br>
Mais est-ce que vous allez faire des études d'impact climatique, environnemental sur le déploiement de cette 5G, je crois que ce n'est pas le jusqu'à maintenant ?<br><br>
CEDRIC O<br>
Alors, ce à quoi on travaille, on a lancé un rapport entre une mission commune entre l'ARCEP et l'ADEME, qui sont donc deux institutions indépendantes, c'est à travailler sur la réduction de la consommation des antennes ; parce que même si on estime que c'est bon pour l'environnement, on est d'accord pour dire : il faut qu'il y ait un peu plus de sobriété énergétique, il faut qu'on travaille sur la réutilisation des téléphones portables, il faut qu'on travaille sur la réduction de l'empreinte énergétique, et donc, il y a une feuille de route qui est en train d'être travaillée sur ce sujet, et plus généralement, sur le sujet numérique et environnement, parce que là où on est d'accord avec les maires écologistes et un certain nombre d'élus, c'est que, oui, il faut réduire l'empreinte énergétique du numérique, mais ça ne veut pas dire d'être dans le toujours moins, nous, ce qu'on veut faire, c'est d'être dans le toujours mieux, quelque part, et la 5G, ça participe de ce mieux, parce que pour la même bande passante, on consomme moins.<br><br>
ORIANE MANCINI<br>
Vous dites ce matin aux élus, notamment, et aux parlementaires qui demandent, certains parlementaires, qui demandent un débat, voire qui demandent un moratoire, il n'y aura pas de moratoire, on développera la 5G coûte que coûte ?<br><br>
CEDRIC O<br>
Non, le moratoire, c'est non, on l'a déjà dit, pardon de le dire à ceux qui découvrent la 5G, mais la première fois que, par exemple, monsieur Eric PIOLLE a reçu un courrier sur la 5G, c'était en mars 2018, Mounir MAHJOUBI…<br><br>
ORIANE MANCINI<br>
Le maire de Grenoble…<br><br>
CEDRIC O<br>
Le maire de Grenoble. Mounir MAHJOUBI, mon prédécesseur, il a présenté la feuille de route nationale sur la 5G en décembre 2018. Donc tous ceux qui nous disent : on découvre la 5G, c'est, soit qu'ils sont malhonnêtes, soit ils sont incompétents, pardon de le dire aussi directement. Donc, et par ailleurs, l'ARCEP, l'Autorité de régulation des télécoms, elle consulte depuis longtemps, à partir du moment où on considère que les sujets sanitaires, il n'y en a pas, que les sujets environnementaux, la 5G est plutôt bénéfique pour l'environnement, nous, on assume de déployer la 5G maintenant, parce qu'il y a la plupart des pays qui sont partis depuis deux ans, et qu'on est dans une crise où on a besoin de la 5G pour l'industrie, pour les services, et y compris pour le consommateur pour lui apporter une meilleure qualité, parce que moi, je n'ai pas de mépris pour dire qu'on va améliorer la vie du consommateur ; on veut le faire par ailleurs dans la ruralité, parce qu'il y ait des cas d'usage, la télémédecine, l'agriculture, qui ont besoin de la 5G aussi pour progresser. Et donc, à partir de là, on assume de ne pas attendre. Donc le moratoire, c'est non, par contre, on est d'accord – et moi, je suis totalement prêt – pour discuter avec les maires d'une meilleure information, on sait qu'ils se plaignent souvent de cette question du dossier d'information aux maires qui est un peu technique, mais pour qu'ils sachent quand une antenne va arriver chez eux, qu'on puisse systématiser un certain nombre de simulations qui montrent comment les ondes vont se répandre sur la zone, et puis, qu'on puisse augmenter le nombre de contrôles, je veux dire, si les maires qui, aujourd'hui, craignent un peu la 5G, ont besoin qu'on les rassure, si les citoyens ont besoin qu'on les rassure en augmentant le nombre de contrôles, le nombre de contrôles, ce n'est pas nous qui décidons, par exemple, c'est une association environnementale ou un maire qui dit : moi, je voudrais qu'on fasse un contrôle, là, parce que j'ai un doute, mais aucun problème.<br><br>
ORIANE MANCINI<br>
Donc d'accord pour des discussions avec les maires, mais pas d'accord pour décaler votre calendrier ?<br><br>
CEDRIC O<br>
Non, nous ne décalons pas le calendrier.<br><br>
ORIANE MANCINI<br>
On va passer au plan de relance, 7 milliards pour le numérique on va le voir, alors, on espère, on va le voir, ces 7 milliards et la répartition, à quoi ils vont servir ces 7 milliards pour le numérique, quelle est la priorité pour vous ?<br><br>
CEDRIC O<br>
Alors, il y a deux grandes priorités, enfin, trois grandes priorités, d'abord, continuer à développer les entreprises du numérique qui créent de l'emploi partout en France, aujourd'hui, le numérique est le secteur qui crée le plus d'emplois en France, et on sait que, par ailleurs, ce sont des emplois d'avenir à tous les niveaux de compétence…<br><br>
PASCAL JALABERT<br>
La crise sanitaire n'a pas ralenti le rythme des créations ?<br><br>
CEDRIC O<br>
Elle a ralenti le rythme des créations, mais c'est encore un secteur qui crée de l'emploi, c'est-à-dire que même dans cette période de crise…<br><br>
PASCAL JALABERT<br>
Il n'y a pas de plans sociaux dans le numérique ?<br><br>
CEDRIC O<br>
Il peut y avoir des entreprises qui, à des moments, vont mal, ça peut arriver, mais grosso modo, le secteur crée de l'emploi, donc les gens qui doivent partir d'une entreprise trouvent très, très vite un emploi dans d'autres entreprises. Encore aujourd'hui, j'étais la semaine dernière à Saint-Etienne, ce que me disent les entreprises du numérique, c'est qu'elles ont encore du mal à recruter. Donc on est dans un… c'est la transition numérique, c'est-à-dire que notre économie est en train de se transformer, et les entreprises du numérique prennent le relais, donc on a mis de l'argent sur ces entreprises pour qu'elles continuent à se développer, à la fois parce qu'elles créent de l'emploi, puisqu'elles sont importantes si on veut faire en sorte demain d'avoir des champions du numérique, vous évoquiez les très grandes entreprises du numérique, avec Vincent DELAHAYE, on voit que la taille de nos entreprises augmente, mais on veut aussi avoir des champions, ça, c'est le premier élément. Le deuxième élément, c'est la question du numérique du quotidien, c'est que, à l'autre bout de la chaîne, quelque part, on veut accompagner les gens notamment pour lutter contre l'illectronisme et pour apporter la connexion, j'évoquais la question de la fibre, c'est très important pour nous, c'est-à-dire que si on veut continuer à parler de numérique, de technologies, de progrès, je pense qu'il faut que tout le monde se sente à bord, donc on doit connecter les gens et on doit leur apprendre à se servir d'un ordinateur, parce qu'il y a aujourd'hui 1 Français sur 3, 1 Français sur 6 qui ne sait pas se servir d'un ordinateur ou qui a des difficultés avec le numérique.<br><br>
ORIANE MANCINI<br>
Et justement, on va parler de ça, on va parler de ce qu'on appelle un peu l'illectronisme, c'est en quelque sorte l'illettrisme numérique, c'est comme vous le dites, les gens qui ne savent pas se servir d'Internet, d'un ordinateur, de leur tablette, le Sénat a travaillé sur ce sujet, a rendu un rapport récemment. Il demande au gouvernement une politique ambitieuse dans laquelle l'inclusion numérique serait proclamée priorité nationale ; est-ce que vous êtes prêt à aller jusque-là ?<br><br>
CEDRIC O<br>
Mais bien sûr, alors, j'ai été auditionné par la mission du Sénat, qui a fait un travail remarquable, et je trouve ça très bien que le Sénat puisse se saisir de ce sujet, qui est vraiment un sujet très territorial et du quotidien, c'est vraiment le numérique du quotidien. Pour vous donner une idée, là, dans le plan de relance, on a décidé de dédier 250 millions d'euros à grosso modo embaucher plus de médiateurs numériques et financer plus de lieux qui forment au numérique. Le précédent plan, c'est moi qui l'avais présenté, il était de 15 millions d'euros, donc entre les deux, on a multiplié le chiffre qu'on consacre à l'inclusion numérique par 20 presque, un peu moins de 20.<br><br>
ORIANE MANCINI<br>
Vous savez que les sénateurs disent que ce n'est pas suffisant, notamment sur les 250 milliards (sic) consacrés à la formation, 250 millions consacrés à la formation, ils demandent un milliard.<br><br>
CEDRIC O<br>
Alors, j'ai entendu ce chiffre du milliard, là, les 250 millions, on va devoir les déployer dans les 2 ans qui viennent. Honnêtement, parler à tous les spécialistes du secteur, ça va être difficile de les déployer, parce que c'est une politique publique qui, encore, a peu de structure, et donc, bien sûr qu'il faudra aller plus loin, bien sûr qu'avec les 250 millions, on n'est pas quitte, si je puis me permettre, mais là, on va faire un saut quantique, pour reprendre une analogie numérique, sur le sujet, c'est-à-dire que jamais un gouvernement n'a fait autant d'efforts, et déjà, envoyer plusieurs milliers de formateurs sur tout le territoire dans les bons lieux, avec les bons équipements, pour former des centaines de milliers, voire des millions de Français dans les 2 ans qui viennent, ça va être une difficulté opérationnelle forte. Donc je suis d'accord pour le milliard, à terme, mais d'abord, faisons en sorte que ces 250 millions, ils soient bien dépensés dans les 2 ans qui viennent.<br><br>
PASCAL JALABERT<br>
Faut-il à l'école rendre le numérique comme les maths, le français, l'anglais, l'histoire-géo, une matière obligatoire, notée et enseignée par tous ?<br><br>
CEDRIC O<br>
Alors, vous savez que depuis la rentrée 2019, tous les lycéens de seconde font une heure et demie de numérique par semaine…<br><br>
PASCAL JALABERT<br>
Je compare avec des choses qu'on apprend dès le cours élémentaire.<br><br>
CEDRIC O<br>
Alors, et par ailleurs, il y a toute une feuille de route du ministère de l'Education nationale sur la question du numérique, mais j'insiste sur cette question de la seconde, parce qu'il n'y a aucun pays du monde qui le fait, c'est-à-dire, pour tous ces lycéens, de faire une heure et demie de numérique. Et par ailleurs, il y a toute une feuille de transformation de l'Education nationale, Jean-Michel BLANQUER réunit les états généraux du numérique éducatif en octobre, je crois, et cette question, elle est bien sûr au coeur, parce que, à la fois, il faut apprendre à s'en servir, mais surtout, il faut apprendre à comprendre le numérique, le numérique, ce n'est pas que des outils, c'est de comprendre ce qui se passe avec les données, avec les réseaux sociaux, avec la question des écrans. Et donc on a besoin non seulement d'apprendre aux enfants à coder, parce que c'est un peu comme une troisième langue vivante si je fais un parallèle, mais aussi de leur apprendre à comprendre le monde dans lequel ils évoluent pour mieux être… pour être des futurs citoyens complètement autonomes.<br><br>
ORIANE MANCINI<br>
Allez, on va terminer par quelques questions politiques pour finir, Cédric O, et on apprend à l'instant que Pierre PERSON, Pierre PERSON, qui est le numéro 2 du parti de la République En Marche, le délégué général adjoint, quitte le parti, c'est ce qu'il dit dans une interview au Monde ce matin, parce que ce mouvement ne permet ni de mener le rassemblement, ni de produire des idées neuves ; c'est ce qu'il dit, qu'est-ce que vous en pensez, quelle est votre réaction à cette démission du parti ?<br><br>
CEDRIC O<br>
Non, mais je pense qu'il s'agit-là, d'une clarification bienvenue, Pierre, pour dire le moins, n'était plus très engagé dans le parti depuis assez longtemps, dont il était pourtant le numéro 2. Donc je ne vais pas… enfin, il y a cette antienne de produire des idées neuves, pardon, mais s'il avait dû le faire, ça fait, je pense, 2 ans, qu'il est numéro 2, il était peut-être temps de s'en apercevoir. Cette question des idées neuves, c'est une antienne qui revient à chaque fois quand un parti est au pouvoir, on sait que c'est toujours très compliqué, donc là, je pense qu'il s'agit plus d'un sujet personnel que d'un sujet politique. Continuons à avancer, je pense que le sujet est anecdotique.<br><br>
ORIANE MANCINI<br>
Alors, le sujet politique…<br><br>
PASCAL JALABERT<br>
Pardon, il y a quand même, ok, un sujet personnel, mais quand on regarde les résultats électoraux, les partielles hier ont été loupées, les municipales ont été loupées, les régionales ne s'annoncent pas bien, comment ce parti peut-il prendre racine dans le pays ?<br><br>
ORIANE MANCINI<br>
On va peut-être préciser, six législatives partielles et aucun candidat de la République En Marche qui n'accède au second tour…<br><br>
CEDRIC O<br>
Quand un parti au gouvernement depuis 3 ans gagne une élection législative, c'est plutôt l'exception que la règle, moi, je travaillais pour le Parti socialiste, donc j'étais dans le gouvernement socialiste précédent, on perdait quasi systématiquement toutes les législatives partielles. Donc il est assez normal, l'usure du pouvoir faisant son boulot, qu'en général, le parti au pouvoir perde les législatives. Effectivement, ce que je pense, c'est qu'il faut travailler sur les échéances qui viennent, il y a la question des régionales, il y a la question des sénatoriales, qui sont là, dans quelques jours…<br><br>
ORIANE MANCINI<br>
Vous allez y travailler sur la question des régionales, vous pourriez être candidat aux régionales, vous ?<br><br>
CEDRIC O<br>
Ecoutez, pour l'instant, ce n'est pas d'actualité. C'est-à-dire que là, je pense qu'il y a un plan de relance à…<br><br>
ORIANE MANCINI<br>
C'est quelque chose qui pourrait vous faire envie ?<br><br>
CEDRIC O<br>
Ecoutez, moi, je n'ai jamais conçu mon parcours dans une perspective élective, donc on verra ce qui se passe. Mais je considère que l'engagement en politique est plutôt un engagement qu'une profession, c'est d'ailleurs pour ça qu'on a lancé En Marche. Je pense que, après, je retournerai dans le secteur privé. Après, je ne l'écarte pas, parce que je pense que se frotter au terrain, et se frotter à l'élection est une bonne chose. Mais bon, je n'en fais pas l'alpha et l'oméga de mon engagement.<br><br>
ORIANE MANCINI<br>
Et dernière question, vous le disiez, vous veniez du PS, il y a un mouvement qui a été lancé ce week-end, qui s'appelle Territoires de Progrès, qui a été lancé par l'aile gauche de la Macronie, et des gens qui comme vous venaient du Parti socialiste. Vous n'étiez pas au lancement de ce mouvement, pourquoi, pour vous, ce n'est pas une bonne idée ?<br><br>
CEDRIC O<br>
Si, c'est une bonne idée, je n'ai aucun problème avec Territoires de Progrès, je trouve ça très bien, je m'entends d'ailleurs très bien avec eux…<br><br>
ORIANE MANCINI<br>
Mais vous n'allez pas y adhérer ?<br><br>
CEDRIC O<br>
Non, mais écoutez, bon, moi, je me sens toujours de gauche, je viens de la gauche, voilà, je n'ai aucun problème avec ce mouvement-là. Je fais plutôt partie de ceux qui ont créé En Marche et qui ont voulu dépasser ce genre de clivage, et donc même si j'estime que Territoires de Progrès a vraiment son utilité et sa justification, voilà, moi, je reste plutôt dans le corpus central…<br><br>
ORIANE MANCINI<br>
Et pour vous, ça fait retomber dans les clivages ce genre de mouvement ?<br><br>
CEDRIC O<br>
Non, parce que je pense que c'est assez constructif si vous voyez les prises de déclaration de … pardon, les prises de position et déclarations de Jean-Yves LE DRIAN, Olivier DUSSOPT, ils affirment leur identité, qui est une entité qui vient de la gauche, la sociale démocratie, mais ils sont dans une optique constructive, donc je n'ai aucun problème avec ça.<br><br>
ORIANE MANCINI<br>
Et merci beaucoup. Merci Cédric O d'avoir été avec nous ce matin.<br><br>
CEDRIC O<br>
Merci beaucoup.<br><br>
PASCAL JALABERT<br>
Merci.<br><br>
ORIANE MANCINI<br>
Merci Pascal JALABERT.<br><br><br>
Source : Service d'information du Gouvernement, le 22 septembre 2020</p>","Société,Sciences - Numérique - I. A.,Economie numérique","Epidemie,Reseau a haut debit,Formation","Cédric O,Pascal Jalabert"
Conseil des ministres du 23 septembre 2020. Le bilan des journées européennes du patrimoine.,2020-09-23T12:00:00Z,<p>La ministre de la culture a présenté une communication relative au bilan des Journées européennes du patrimoine.</p>,"Société,Culture - Médias,Protection du patrimoine","Communication gouvernementale,Manifestation culturelle,Protection du patrimoine,Bilan","Roselyne Bachelot,Secrétariat général du Gouvernement"
Conseil des ministres du 23 septembre 2020. Approbation des accords entre la France et le Qatar et entre la France et la Chine portant reconnaissance réciproque et échange des permis de conduire.,2020-09-23T12:00:00Z,<p>Le ministre de l'Europe et des affaires étrangères a présenté un projet de loi autorisant l'approbation de l'accord portant reconnaissance réciproque et échange des permis de conduire entre le Gouvernement de la République française et le Gouvernement de l'État du Qatar et de l'accord portant reconnaissance réciproque et échange des permis de conduire entre le Gouvernement de la République française et le Gouvernement de la République populaire de Chine.</p>,"International,Relations internationales,Relations bilatérales France","Projet de loi,Accord,France - Chine,France - Qatar,Permis de conduire","Jean-Yves Le Drian,Secrétariat général du Gouvernement"
Conseil des ministres du 23 septembre 2020. Conditions de travail des jeunes travailleurs à bord des navires et embarquement à des fins d'observation ou de mise en situation en milieu professionnel.,2020-09-23T12:00:00Z,<p>La ministre de la mer a présenté une ordonnance relative aux conditions de travail des jeunes travailleurs de moins de dix-huit ans à bord des navires et à l'embarquement de personnes autres que gens de mer à des fins d'observation ou de mise en situation en milieu professionnel.</p>,"Société,Société - Population,Mineur","Ordonnance,Conditions de travail,Mineur,Stagiaire,Navire","Annick Girardin,Secrétariat général du Gouvernement"
"Déclaration de Mme Frédérique Vidal, ministre de l'enseignement supérieur, de la recherche et de l'innovation, sur l'engagement des scientifiques et la place de la recherche en France, Paris le 21 septembre 2020.",2020-09-21T12:00:00Z,<p>J'ai l'honneur de vous présenter aujourd'hui le projet de loi de programmation pour la recherche pour les années 2021 à 2030.</p>,"Société,Education - Recherche,Recherche développement","Recherche,Sciences,Innovation,Crise",Frédérique Vidal
"Déclaration de M. Éric Dupond-Moretti, garde des sceaux, ministre de la justice, sur l'École nationale de la magistrature, à Paris le 21 septembre 2020.",2020-09-21T12:00:00Z,"<p>Mesdames et messieurs,<br>
Bonjour à toutes et à tous,<br><br><br>
Je vous remercie d'être présents ce matin à la chancellerie.<br><br>
Voilà un peu plus de deux mois que j'ai pris mes fonctions en qualité de garde des Sceaux, ministre de la justice. Depuis le premier jour, j'ai eu à coeur de rencontrer l'ensemble des acteurs et des partenaires de justice afin de mettre en oeuvre la mission que m'ont confiée le Président de la République et le Premier ministre : rapprocher la justice du justiciable, assurer et restaurer - quand il le faut - la confiance des citoyens envers l'institution judiciaire. Dans un premier temps, il s'est agi pour moi de dresser avec mes services un état des lieux<br><br>
Mon premier constat, c'est celui du dénuement de la justice : un trop grand nombre de tribunaux n'ont pas encore les moyens humains et matériels pour fonctionner dans des conditions satisfaisantes. Je me suis donc d'emblée battu pour obtenir une augmentation significative de notre budget dont vous connaîtrez bientôt les détails, et à cet égard je tiens dès à présent à remercier le Premier ministre pour l'attention et le soutien portés à mes demandes.<br><br>
Le second enseignement de ces premières semaines de consultations, c'est l'engagement et l'enthousiasme de la majorité des magistrats. Mais c'est aussi, comme nous sommes nombreux à le constater, la force d'inertie de certains, la frilosité à moderniser l'institution et les dérives d'une culture de l'entre soi.<br><br>
Quelles en sont les causes ? J'ai exprimé depuis longtemps, l'idée que ce corporatisme, qui éloigne la justice des citoyens, prenait corps pour une part à l'école nationale de la magistrature. Et cela en dépit de l'excellence de son enseignement qu'il m'a été donné d'appréhender à l'invitation de son directeur, lorsque j'étais avocat.<br><br>
Après quatre années à ce poste, Monsieur Olivier Leurent a quitté ses fonctions et je tiens ici à rendre publiquement hommage à ce grand magistrat, à ce grand directeur. Il me revient désormais de proposer au Président de la République le nom de son successeur. C'est la raison pour laquelle je vous ai réunis.<br><br>
C'est l'occasion pour moi d'évoquer devant vous l'avenir de l'école. C'est un prestigieux établissement créé en 1958 et qui forme chaque année environ 350 magistrats, c'est le vivier de la justice de demain, et c'est pour cette raison qu'il est du devoir du ministre de la justice de s'y intéresser et de proposer les pistes d'améliorations qui lui paraissent nécessaires. Le sujet est d'intérêt national.<br><br>
J'ai avancé, bien avant d'être garde des Sceaux, l'idée d'une suppression de cette institution pour la transformer en une école de formation commune des magistrats et des avocats. Car j'ai la conviction qu'une justice de qualité ne peut être rendue sans le concours des avocats.<br><br>
A ce propos, voilà ce que disait Olivier Leurent lorsqu'il a pris la direction de cette école et qu'il a prononcé son premier discours aux futurs magistrats : "" L'avocat n'est pas l'adversaire du magistrat mais un partenaire qui concourt à l'oeuvre de justice ; et la qualité de la décision rendue dépend aussi de la qualité de la relation que le magistrat a su nouer avec lui"". J'y souscris totalement.<br><br>
J'ai dit lors de mon installation que je n'aurai pas le temps d'opérer une refonte totale, mais je ne renonce certainement pas à ouvrir davantage cette école.<br><br>
L'ouverture c'est d'abord rompre avec des traditions surannées, c'est rompre avec la tentation du vase clos et de l'entre soi. C'est vouloir réfléchir et débattre autrement qu'entre pairs. Des efforts ont déjà été faits mais ils méritent d'être amplifiés. L'ouverture c'est encore, renforcer l'apprentissage chez les futurs magistrats, d'une vraie culture du contradictoire, étant ici rappelé que la justice ne peut se forger que dans le contradictoire.<br><br>
Bien sûr, s'agissant de la mise oeuvre des grandes orientations, rien ne sera fait sans un dialogue indispensable et constructif avec le conseil d'administration, le conseil pédagogique et l'ensemble des membres du corps enseignant.<br><br>
Mais, en un mot, je veux rappeler que cette école n'est pas l'école des magistrats mais celle de la magistrature.<br><br>
Elle doit donc être ouverte davantage encore, à tous ceux qui concourent à l'oeuvre de justice, et être à l'écoute des citoyens qui y sont confrontés. Vouloir rapprocher la justice du justiciable sans vouloir rapprocher l'école nationale de la magistrature du justiciable n'aurait aucun sens.<br><br>
Comme son nom l'indique c'est aussi une école nationale. Elle doit donc s'ouvrir plus que jamais aux évolutions de notre société, aux attentes des citoyens, aux nouvelles complexités.<br><br>
Afin d'atteindre ces objectifs chers à tous les Français, j'ai décidé de proposer à la signature de Monsieur le Président de la République le nom du 17ème directeur. Et pour la première fois dans l'histoire de cette école, ce directeur, sera une directrice.<br><br>
Mesdames et messieurs j'entends, j'écoute et je respecte les états d'âme mais aux états d'âme, je préfère les états de service. C'est la raison pour laquelle j'ai proposé à ce poste une femme d'exception, Maître Nathalie Roret, actuelle vice-bâtonnière du barreau de Paris. Elle a prêté serment en 1989 et exercé dans des domaines variés du droit. La richesse de son parcours, son appétence pour l'enseignement, son engagement aux côtés des justiciables, notamment dans le domaine de la médiation sont garants des qualités qu'elle exprimera à la tête de cette école. C'est le sens de ma proposition au Président de la République et j'ai la certitude que Madame la bâtonnière Nathalie Roret en qualité de nouvelle directrice saura mettre en oeuvre, avec le conseil d'administration, ces nouvelles orientations et cette nouvelle ambition.<br><br><br>
Source : https://www.justice.gouv.fr, le 22 septembre 2020<br>
 </p>","Institutions,Justice - Droits fondamentaux,Politique judiciaire","Ecole nationale de la magistrature,Justice,Magistrat,Avocat",Éric Dupond-Moretti
"Entretien de M. Franck Riester, ministre du commerce extérieur et de l'attractivité, avec ""Le Moci"" le 17 septembre 2020, sur les efforts du gouvernement en faveur des exportations.",2020-09-17T12:00:00Z,"<p>Q - Avant d'aborder le volet export du plan de relance, quelle est la situation de l'appareil exportateur en ce mois de septembre, quelles sont les tendances des derniers baromètres Team France Export de Business France ?<br><br>
R - Aujourd'hui, selon le dernier baromètre de Business France, 85% des entreprises qui exportaient avant le Covid19 ont repris une activité à l'export. C'est à la fois beaucoup mais c'est aussi 15% qui ne l'ont pas fait. On pense que le plan de relance export va contribuer à mieux accompagner les entreprises qui souhaitent se projeter à l'international.<br><br>
Suite au Covid, nous sommes bien entendu tous mobilisés à relocaliser sur le territoire des productions industrielles de biens stratégiques, nous sommes déterminés à défendre notre souveraineté économique française et européenne, nous sommes décidés à ce que davantage de produits fabriqués en France soient consommés par nos compatriotes. Mais en même temps, nous souhaitons vraiment que nos entreprises continuent à se déployer à l'international. Je rappelle que 30% de notre économie dépend des échanges internationaux et nous avons la conviction qu'il faut continuer à internationaliser notre économie.<br><br>
Q - N'y-a-t-il pas une contradiction entre promouvoir le Made in France et les relocalisations et promouvoir les exportations et la lutte contre le protectionnisme ?<br><br>
R - Non, c'est très complémentaire, et c'est justement ce que l'on veut démontrer. On peut être à la fois une nation industrielle, un pays qui attire les investissements français et internationaux, et se déployer à l'international. Et d'ailleurs, pour pouvoir se déployer à l'international, il faut que les conditions de développement de notre économie soient les meilleures possibles, donc que la France soit attractive.<br><br>
C'est d'ailleurs ce qu'ont voulu faire le président de la République et le Premier ministre en nommant pour la première fois depuis 2012 un ministre en charge du commerce extérieur, et en plus de lui confier l'attractivité. Pour attirer des investisseurs internationaux, il faut que notre économie soit compétitive pour que les entreprises aient davantage les moyens de se déployer à l'international.<br><br>
Ce dont l'économie a besoin, c'est de la souveraineté, de la relocalisation, mais pas de repli sur soi. Au contraire, il faut maintenir cet esprit de conquête que le président de la République a voulu insuffler depuis son élection avec les résultats positifs que l'on connaît. Je vous rappelle qu'avant la crise, la France enregistrait une augmentation de ses exportations de 3% en 2019, que le nombre des entreprises exportatrices était en hausse, et que nous étions devenus le pays le plus attractif d'Europe en termes d'investissements directs étrangers, et que la France affichait la croissance la plus forte d'Europe, avec un chômage réduit à moins de 10%.<br><br>
Cette politique d'amélioration de la compétitivité, on veut la continuer et l'amplifier notamment au service de l'exportation. C'est d'ailleurs tout l'enjeu du plan de relance.<br><br>
Q - Le volet export du plan de relance, c'est 247 millions d'euros. Au regard du montant du plan global, n'est-ce pas un peu trop modeste ?<br><br>
R - Non, tout d'abord parce que France Relance est un plan massif et direct qui va bénéficier à toutes nos entreprises. Les 247 millions correspondent à des nouveaux moyens injectés sur les outils de la politique de soutien à l'exportation, vraiment très spécifiques : assurance prospection, coût des démarches à l'export, assurance-crédit export, les VIE (volontaires internationaux en entreprises). Mais avoir une vraie stratégie export, c'est d'abord faire en sorte que les entreprises soient dans un pays compétitif.<br><br>
C'est par exemple la baisse des impôts de production. En baissant les impôts de production de 10 milliards en 2021 et de 10 milliards en 2022, on donne aux entreprises davantage de moyens d'investir, et notamment d'investir dans un déploiement à l'international.<br><br>
Il ne faut donc pas regarder la stratégie internationale du plan de relance uniquement sous l'angle de cette enveloppe pour renforcer les outils spécifiques de la politique de soutien à l'export. C'est une approche globale.<br><br>
Q - Il y a quelques objectifs précis comme 3000 missions VIE ou 15000 chèques export, mais y-a- t-il un objectif plus global ?<br><br>
R - Là encore les chiffres que vous citez sont des objectifs d'utilisation des outils Ce qui compte, c'est que ce plan de relance soit bien utilisé et vite utilisé par les entreprises, en particulier les ETI et PME, dans l'année et demie qui vient. Il faut les informer et leur faciliter l'accès à ces moyens d'actions supplémentaires, éviter les procédures administratives complexes. La bonne adéquation de ces outils fera l'objet d'un suivi régulier dans le cadre d'une concertation entre les organisations professionnelles et les utilisateurs de ces outils avec Business France et Bpifrance.<br><br>
Pour moi, l'objectif central est que ces 247 millions d'euros soient pleinement utilisés par les entreprises. Chaque euro dépensé est un euro investi.<br><br>
Q - Ces mesures ont été inspirées par les acteurs publics et privés de l'écosystème du soutien à l'export, notamment ceux du groupe de réflexion ""Solex"". Comptez-vous continuer cette concertation avec ces acteurs ?<br><br>
R - Bien sûr. Ce qui fait la force de ce plan de relance export, c'est qu'il a été bâti sur la base des propositions du terrain. C'est le fameux groupe ""Solex"", avec la Team France Export TFE, qui réunit sous l'égide des Régions Business France, Bpifrance, CCI France, les Conseillers du commerce extérieur de la France (CCE), en lien avec Medef et Medef International, qui a travaillé sur des propositions. Et celles-ci ont été retenues dans le plan de relance export.<br><br>
On va bien sûr continuer et c'est même au coeur de ma stratégie de Ministre : vraiment être en prise directe avec le terrain, et notamment les partenaires privés, de ce ministère.<br><br>
Q - Il y a aussi une volonté affichée de se coordonner avec les Régions, dont certaines ont aussi leur plan de relance. Comment cela se matérialise concrètement ?<br><br>
R - Bien évidemment le plan de relance export a aussi été préparé avec les Régions. Vous savez qu'en 2018, le président de la République et le Premier ministre Edouard Philippe ont fait le choix fort de s'appuyer sur les territoires pour la stratégie à l'export. C'est la Team France Export, qui regroupe Business France, Bpifrance, CCI France est qui est sous la houlette opérationnelle et stratégique des Régions. Cela fonctionne, la dynamique est là. Nous mettons tout en oeuvre pour qu'elle se poursuive et s'amplifie.<br><br>
À ce titre, j'ai déjà rencontré des présidents de Régions et je vais continuer à le faire.<br><br>
Je suis chef d'entreprise, à la tête d'une entreprise de distribution automobile de plus de 200 salariés, qui fait plus de 100 millions d'euros de chiffre d'affaires, mais j'ai aussi été élu local durant 10 ans, comme maire de la ville de Coulommiers, et je sais l'importance des élus locaux et des territoires à la fois dans l'attractivité et le développement économique mais aussi dans la capacité à aider les entreprises à se projeter à l'international. Mon arrivée au Quai d'Orsay ne me l'a pas fait oublier.<br><br>
Q - Vous avez la fibre ""territoire""...<br><br>
R - Exactement. Et nous allons continuer à accompagner le développement de nos entreprises en partant des territoires.<br><br>
Q - Vous avez de gros dossiers sur les questions commerciales en ce moment, dont certains que vous partagez avec d'autres ministres comme vos collègues en charge de l'économie et des finances dans certains cas : Brexit, tensions avec la Turquie, tensions avec la Chine et les Etats-Unis, montée du protectionnisme, sauvetage de l'OMC et du multilatéralisme... Comment concevez-vous votre rôle de ministre du commerce extérieur ?<br><br>
R - C'est moi qui ai la charge de piloter la politique de commerce extérieur de la France, évidemment d'abord en lien avec mes collègues en France sous la responsabilité de Jean-Yves Le Drian, le ministre de l'Europe et des affaires étrangères, en lien avec Bruno Le Maire (ministre de l'économie, des finances et de la relance), et certains ministres dont les portefeuilles sont plus sectoriels avec une dimension export comme Julien Denormandie, en charge de l'agriculture et de l'alimentation, Olivier Véran à la santé ou encore Jean-Baptiste Djebbari aux transports. Il y a donc une dimension très interministérielle.<br><br>
Au niveau européen, je suis en lien avec mes collègues européens, puisque la politique commerciale, les négociations commerciales relèvent de la politique européenne et du Conseil Commerce. Je les rencontre d'ailleurs cette semaine à Bruxelles et à Berlin. C'est un travail minutieux de discussion, d'échanges et de négociations.<br><br>
Q - J'insiste car sur ce sujet, la France ne s'est pas toujours distinguée par la simplicité dans son organisation...<br><br>
R - Il y a différents aspects et il faut en faire une force. Pour ma part j'essaye de fédérer, d'échanger, d'associer et d'assimiler toutes les spécificités des périmètres ministériels de tel ou tel de mes collègues. Nous avons déjà beaucoup progressé.<br><br>
Q - Avez-vous des filières prioritaires et des pays cibles particuliers dans cette période de relance post-Covid ?<br><br>
R - Il y a toujours les secteurs qui constituent les points forts de notre pays : l'aéronautique, l'agroalimentaire, le luxe, la santé, je ne les citerai pas tous. Il faut continuer à capitaliser sur leur succès à l'international même si certains sont particulièrement touchés par la crise, je pense notamment à l'aéronautique.<br><br>
Et puis il y a des secteurs sur lesquels il faut appuyer particulièrement comme tout ce qui concerne la ville durable, les énergies renouvelables, la tech... On voit bien qu'il y a un potentiel extraordinaire de développement de ces secteurs tant en biens qu'en services et tant pour les grandes entreprise que pour les PME et ETI. C'est tout ce qui concerne l'urbanisme et la construction, l'eau, l'assainissement, les nouvelles mobilités donc tout ce qui est transports urbains. C'est tout ce qui relève aussi des énergies renouvelables. Et enfin tout ce qui relève des technologies d'avenir : biotech, intelligence artificielle...<br><br>
Q - Poursuivrez-vous la politique de stratégie filière qui a été suivie ces dernières années ?<br><br>
R - Bien sûr.<br><br>
Q - Comment se passent vos relations avec Bercy, qui a une tutelle partagée sur Business France et à la tutelle sur Bpifrance et les instruments financiers ?<br><br>
R - Nous nous entendons très bien avec Bruno Le Maire et nous nous connaissons depuis longtemps. Nous veillons à la bonne coordination entre Bercy et le Quai d'Orsay, entre les différents services et opérateurs pour que l'ensemble des dispositifs soient le plus efficaces possibles pour les entreprises, au plus près de leurs besoins.<br><br>
Q - Votre nomination au commerce extérieur a surpris. De la culture au commerce extérieur, il y a un écart et votre carrière comporte peu de passage par la case international. Qu'en dites-vous ?<br><br>
R - Dans les industries culturelles, il y a un dynamisme à l'export et j'y ai beaucoup travaillé, notamment à l'époque, avec Jean-Yves Le Drian et Bruno Le Maire, dans le cadre des états généraux des industries culturelles. Et je vais continuer avec Roselyne Bachelot (ministre de la culture) à travailler sur ces sujets.<br><br>
Quant à mon parcours professionnel, j'ai fait des études de commerce international et dans le cadre du cycle multinational de mon école de gestion, j'ai passé un an à l'étranger, dont six mois à New-York, trois mois à Tokyo et trois mois en Asie. J'ai donc une formation initiale aux problématiques de l'international. Ensuite, j'ai fait du commissariat aux comptes et du conseil en service public pendant trois ans. C'est une première expérience.<br><br>
Après effectivement j'ai repris et développé l'entreprise familiale en Seine et Marne et j'ai aussi fait de la politique au niveau local puis national. J'ai toujours eu la conviction que la France devait être ouverte tout en ayant une stratégie industrielle et une stratégie commerciale moins naïves et plus exigeantes pour garantir la souveraineté de notre pays.<br><br>
Je suis très heureux et honoré d'arriver à ces responsabilités à un moment où avec les difficultés que l'on traverse, on a plus besoin que jamais à la fois de trouver des marchés à l'international et d'accueillir des investissements étrangers en France à partir du moment où on a la certitude qu'ils ne remettent pas en cause notre souveraineté.<br><br>
Q - Vos prochains voyages ?<br><br>
R - À court terme, beaucoup seront en Europe où il est plus facile de se déplacer dans le contexte de la crise sanitaire. Et très vite, dès que cela sera possible, de nombreux déplacements sont prévus, notamment en Afrique, - tant le Maghreb que l'Afrique francophone et l'Afrique anglophone -, mais aussi au Moyen-Orient. Sans oublier la zone Indopacifique, avec notamment l'Inde et l'Asean, où je me rendrai également.<br><br>
Par ailleurs, j'irai au Canada dans le cadre du suivi de la mise en oeuvre du CETA mais aussi en vue de préparer une visite du Premier ministre au Québec, avec qui nous souhaitons renforcer nos relations commerciales.<br><br><br>
Source https://www.diplomatie.gouv.fr, le 23 septembre 2020</p>","Economie,Vie économique,Politique économique","Exportation,Commerce exterieur,Competitivite",Franck Riester
Conseil des ministres du 23 septembre 2020. Mesures d'ordre individuel.,2020-09-23T12:00:00Z,<p>Le conseil des ministres a adopté les mesures individuelles suivantes :</p>,"Institutions,Administration - Réforme de l'Etat,Gestion publique,Fonction publique","Nomination,Mesure individuelle",Secrétariat général du Gouvernement
